sector,date,actual_excess_return,capm_pred_return,benchmark_pred_return,alpha_rolling,beta_rolling
Bất động sản,2024-01-01,-0.00656443569174762,0.017351161146697047,0.017351161146697047,0.011018110323374347,1.0787119113674826
Bất động sản,2024-02-01,0.039865595300253714,0.016852919545896117,0.016852919545896117,0.01004392831964118,1.0738942652500503
Bất động sản,2024-03-01,0.03471123688793573,0.017322565989862596,0.017322565989862596,0.009145385274891338,1.0593526855025914
Bất động sản,2024-04-01,-0.08997324807975304,0.01767033940782406,0.01767033940782406,0.009174050201454474,1.0594487452293275
Bất động sản,2024-05-01,0.033176354520574526,0.015559680829636276,0.015559680829636274,0.008418254513519036,1.069678746613445
Bất động sản,2024-06-01,-0.024815416473277997,0.015898463016000473,0.015898463016000473,0.008076980271510189,1.0669699056869195
Bất động sản,2024-07-01,-0.008000832581206338,0.015130276610542387,0.015130276610542387,0.007755512747917959,1.0685532564742555
Bất động sản,2024-08-01,0.03162138085074699,0.014701922736621116,0.014701922736621116,0.0074107573918796845,1.06889311657231
Bất động sản,2024-09-01,-0.011539274402352868,0.01500954924778704,0.01500954924778704,0.007394727786301865,1.0688291623715496
Bất động sản,2024-10-01,-0.028341130377593143,0.014535463111177397,0.014535463111177397,0.007036452806753373,1.0693550765598012
Bất động sản,2024-11-01,-0.003151076066060579,0.013783242172777915,0.013783242172777915,0.006791089355199671,1.070913430855342
Bất động sản,2024-12-01,0.004040322343738899,0.013491271168660009,0.013491271168660009,0.00687087925155774,1.070534865013598
Bất động sản,2025-01-01,-0.01973709999527442,0.01333108559535626,0.01333108559535626,0.006634817668484105,1.0702827121798852
Bất động sản,2025-02-01,0.058533020044008656,0.01277994916884575,0.01277994916884575,0.00626003610381268,1.0712350249434035
Bất động sản,2025-03-01,0.12197295824077427,0.013529999511061534,0.013529999511061534,0.00659072791123707,1.0732747313375772
Bất động sản,2025-04-01,-0.01262836351742905,0.015279079490573031,0.015279079490573031,0.008500467910354336,1.069409548330462
Bất động sản,2025-05-01,0.19590795949556317,0.014836104204731727,0.014836104204731727,0.009329015983223225,1.0555467538204586
Bất động sản,2025-06-01,0.00719031519375867,0.01766535194365097,0.01766535194365097,0.010659086907237533,1.0865344374852155
Bất động sản,2025-07-01,0.12169234737690048,0.017504197532114164,0.017504197532114164,0.010129815558560039,1.083168100423489
Bất động sản,2025-08-01,0.1095403076975689,0.019082805863095777,0.019082805863095777,0.010320073007812442,1.0880278986491576
Bất động sản,2025-09-01,0.047682406009845954,0.02043291783077448,0.02043291783077448,0.010016745810189537,1.0768686417111577
Bất động sản,2025-10-01,-0.008402930227330513,0.020833645598113765,0.020833645598113765,0.010860317121785704,1.0718229699362474
Bất động sản,2025-11-01,0.052338542995432315,0.020409927107889934,0.020409927107889934,0.010837151793529495,1.0719680878317432
Bất động sản,2025-12-01,0.003366944172019915,0.020866050191997686,0.020866050191997686,0.010994471742976611,1.0727830190168612
Chăm sóc sức khỏe,2024-01-01,0.02343078361593095,0.01127324460009219,0.011273244600092191,0.00803360480972995,0.5518095666521599
Chăm sóc sức khỏe,2024-02-01,0.02595509813243035,0.011526526662922166,0.011526526662922166,0.008027972869497704,0.5517817148802224
Chăm sóc sức khỏe,2024-03-01,0.020490002937856907,0.011820987305157028,0.011820987305157028,0.0076135366240412524,0.5450746820354906
Chăm sóc sức khỏe,2024-04-01,-0.0015269875721199565,0.011994367617811023,0.011994367617811023,0.007622869804509852,0.5451059586816532
Chăm sóc sức khỏe,2024-05-01,0.0896173288169115,0.011729243006243749,0.011729243006243749,0.00813639247110695,0.5381552209704945
Chăm sóc sức khỏe,2024-06-01,0.0465534514585347,0.013227090810295054,0.013227090810295052,0.009219114728873285,0.5467492547499956
Chăm sóc sức khỏe,2024-07-01,0.08806350009585345,0.013855890067809008,0.01385589006780901,0.010112806052229768,0.5423474823884841
Chăm sóc sức khỏe,2024-08-01,-0.015649359050904938,0.015230105068328349,0.015230105068328349,0.011540226889503727,0.5409403298171783
Chăm sóc sức khỏe,2024-09-01,0.0006673030127265014,0.014668660266160472,0.014668660266160472,0.01083480854326909,0.5381258833658203
Chăm sóc sức khỏe,2024-10-01,-0.014188764736807863,0.014418636029492008,0.014418636029492008,0.01064297412188974,0.5384074783689814
Chăm sóc sức khỏe,2024-11-01,0.04361247673778364,0.013916751805521835,0.013916751805521835,0.010390958863721463,0.5400080796713413
Chăm sóc sức khỏe,2024-12-01,0.034134250697781955,0.014428747062974626,0.014428747062974626,0.011110341516746601,0.5365949445250517
Chăm sóc sức khỏe,2025-01-01,-0.01318970169496909,0.014762738650005259,0.014762738650005259,0.01140355072716216,0.5369081404814385
Chăm sóc sức khỏe,2025-02-01,0.03442057180066607,0.014296864644255686,0.014296864644255686,0.011023170195739928,0.5378746801120227
Chăm sóc sức khỏe,2025-03-01,-0.023983918915070467,0.014626761482885364,0.014626761482885364,0.011144295424758675,0.5386217802777313
Chăm sóc sức khỏe,2025-04-01,-0.053238902195950906,0.014004008573240915,0.014004008573240915,0.010582669158471244,0.5397584733887346
Chăm sóc sức khỏe,2025-05-01,0.06018316923208029,0.012936660783253742,0.012936660783253742,0.010076392809033925,0.5482292009510141
Chăm sóc sức khỏe,2025-06-01,-0.004389533339778831,0.013674887477766658,0.013674887477766658,0.010131482614370985,0.5495126704488552
Chăm sóc sức khỏe,2025-07-01,0.010780232275856477,0.01339697331134288,0.01339697331134288,0.009675546020675236,0.5466127661615924
Chăm sóc sức khỏe,2025-08-01,-0.0005493388894699825,0.013357325719896115,0.013357325719896116,0.009077963553731569,0.531348553254528
Chăm sóc sức khỏe,2025-09-01,0.027725786455045743,0.01314976356154737,0.01314976356154737,0.008290452889207246,0.5023764270630373
Chăm sóc sức khỏe,2025-10-01,0.001291901233759071,0.013364116839392934,0.013364116839392934,0.008713015049906469,0.49984894664961377
Chăm sóc sức khỏe,2025-11-01,-0.010511243120072332,0.013189157192934472,0.013189157192934472,0.00872619674640016,0.4997663706535789
Chăm sóc sức khỏe,2025-12-01,-0.00095225119711444,0.012850580045605804,0.012850580045605804,0.008273393013382433,0.49742080746168355
Công nghiệp,2024-01-01,0.022285514897534366,0.016024781372557806,0.016024781372557806,0.010921604693978543,0.8692267948843049
Công nghiệp,2024-02-01,0.03764307414873101,0.01615521332099482,0.01615521332099482,0.010652352047383767,0.8678952531780274
Công nghiệp,2024-03-01,0.03085876242601664,0.016593741092989434,0.016593741092989434,0.009978593669306333,0.856991478180738
Công nghiệp,2024-04-01,-0.021890858745662004,0.016879041519649977,0.016879041519649977,0.01000563917555461,0.8570821110290004
Công nghiệp,2024-05-01,0.14860073590887923,0.016118847396800723,0.016118847396800723,0.010435621712979813,0.8512621228718545
Công nghiệp,2024-06-01,0.09934698977064292,0.018666576022033,0.018666576022033,0.012316888302327182,0.8661945476013986
Công nghiệp,2024-07-01,-0.056456165276360284,0.020188847979553944,0.020188847979553944,0.014277331667069756,0.856538612499755
Công nghiệp,2024-08-01,-0.0033448140678016373,0.018769495882222202,0.018769495882222202,0.012917706736379927,0.8578789318136341
Công nghiệp,2024-09-01,-0.02308598286441466,0.018367417519494496,0.018367417519494496,0.012273803560812202,0.8553099158287677
Công nghiệp,2024-10-01,0.018093804149662274,0.017627178226924688,0.017627178226924688,0.011622486604855323,0.8562659882528552
Công nghiệp,2024-11-01,0.05732705992758823,0.01763536464662184,0.01763536464662184,0.012062941636591152,0.8534685667691269
Công nghiệp,2024-12-01,0.03480443372138074,0.018319704220431603,0.018319704220431603,0.013071277400408206,0.8486844838887958
Công nghiệp,2025-01-01,0.018429009025148983,0.018599106415362943,0.018599106415362943,0.01328782971866519,0.8489157975993308
Công nghiệp,2025-02-01,0.04697319833630012,0.018596271458859375,0.018596271458859375,0.013431696331432687,0.8485502352971861
Công nghiệp,2025-03-01,-0.013912145427164051,0.019061466981440373,0.019061466981440373,0.013569652898129884,0.8494011511193896
Công nghiệp,2025-04-01,-0.034371630410275585,0.018529634523237075,0.018529634523237075,0.013140067768287276,0.8502706020104768
Công nghiệp,2025-05-01,0.07046502446120054,0.01768993190524481,0.01768993190524481,0.013264708045771494,0.84818519186831
Công nghiệp,2025-06-01,0.042554505671224055,0.018514542726431618,0.018514542726431618,0.013073884870486385,0.8437394378225087
Công nghiệp,2025-07-01,0.1074167496082561,0.018884388310197654,0.018884388310197654,0.013137327819954544,0.8441429555126944
Công nghiệp,2025-08-01,0.03880007187534835,0.0202257877238046,0.0202257877238046,0.013377783124124406,0.8502849713189041
Công nghiệp,2025-09-01,-0.010456028009102305,0.02050301584546943,0.02050301584546943,0.012567019771544483,0.8204573902834525
Công nghiệp,2025-10-01,0.05465086480468907,0.020047735788784552,0.020047735788784552,0.012404312012440372,0.821430597807683
Công nghiệp,2025-11-01,-0.00818900898852113,0.020549230412203457,0.020549230412203457,0.013261744892297502,0.8160592577740894
Công nghiệp,2025-12-01,2.054516164487312e-05,0.02013868413505025,0.02013868413505025,0.01265820536465899,0.8129328698986003
Công nghệ thông tin,2024-01-01,-0.012632945444680613,0.03060853061421255,0.03060853061421255,0.02505635399017964,0.9457051941386606
Công nghệ thông tin,2024-02-01,0.12211323048562178,0.029707666529652278,0.029707666529652278,0.023752342051789384,0.9392564319689666
Công nghệ thông tin,2024-03-01,0.06171063157616976,0.03159349436548839,0.03159349436548839,0.024277711185227695,0.9477587482412755
Công nghệ thông tin,2024-04-01,0.056373820734802654,0.032195837109702016,0.032195837109702016,0.024586939699158785,0.9487950113721736
Công nghệ thông tin,2024-05-01,0.11782056348360581,0.03266991521999811,0.03266991521999811,0.02650924747742996,0.9227757954037256
Công nghệ thông tin,2024-06-01,0.10975547730771662,0.03430742768660595,0.03430742768660595,0.027486127427293238,0.9305297131120047
Công nghệ thông tin,2024-07-01,-0.02592397556367117,0.03573097579266464,0.03573097579266464,0.02937293870180801,0.9212364442813815
Công nghệ thông tin,2024-08-01,0.035995174978079886,0.034589217434213976,0.034589217434213976,0.028298024022501703,0.9222960960080642
Công nghệ thông tin,2024-09-01,-0.007559259717735431,0.0346147802986479,0.0346147802986479,0.028050949597542743,0.9213103295586107
Công nghệ thông tin,2024-10-01,0.009421460301002682,0.033861672441212486,0.033861672441212486,0.02739408608081411,0.9222745438155705
Công nghệ thông tin,2024-11-01,0.06302418398042837,0.03343289678962986,0.03343289678962986,0.02741197098898318,0.9221609530452495
Công nghệ thông tin,2024-12-01,0.05390013079776162,0.03394309139636777,0.03394309139636777,0.02826530997348294,0.9181122575874883
Công nghệ thông tin,2025-01-01,0.002607384081853552,0.03428134630147613,0.03428134630147613,0.028535334519413296,0.9184006884856538
Công nghệ thông tin,2025-02-01,-0.08409490015988721,0.033753446931149095,0.033753446931149095,0.02815790024719387,0.9193597417281442
Công nghệ thông tin,2025-03-01,-0.13940962359513429,0.031821506814902596,0.031821506814902596,0.025964832504149875,0.9058329043589856
Công nghệ thông tin,2025-04-01,-0.10278186821965732,0.02905971438893426,0.02905971438893426,0.02328355968579473,0.9112596169689414
Công nghệ thông tin,2025-05-01,0.06284835456352061,0.026966990855464557,0.026966990855464553,0.022110270208218652,0.9308904283376378
Công nghệ thông tin,2025-06-01,0.030366713750931876,0.027527637163402927,0.027527637163402927,0.021601447014701576,0.9190359836780922
Công nghệ thông tin,2025-07-01,0.008088282637416505,0.027571315264749527,0.027571315264749527,0.021326286086024812,0.9172858711234296
Công nghệ thông tin,2025-08-01,-0.026441755016095924,0.027276117800699023,0.027276117800699023,0.020133817398208513,0.8868263162624411
Công nghệ thông tin,2025-09-01,-0.08191637346216249,0.026474358504925966,0.026474358504925966,0.01848362374177132,0.8261165112929119
Công nghệ thông tin,2025-10-01,0.10927608028680347,0.024880377152468783,0.024880377152468783,0.01711730674674903,0.8342888934052428
Công nghệ thông tin,2025-11-01,-0.070477139518768,0.026103503284850445,0.026103503284850445,0.01874423939091543,0.8240970653929703
Công nghệ thông tin,2025-12-01,0.001174210718159259,0.024723779816227327,0.024723779816227327,0.01721353307243866,0.8161678719336041
Dịch vụ tiện ích,2024-01-01,0.009030934402257901,0.01421916766276893,0.01421916766276893,0.010299358050063613,0.6676632538533047
Dịch vụ tiện ích,2024-02-01,0.02817677413146923,0.014111079469841616,0.014111079469841616,0.009890599491717632,0.6656418101456234
Dịch vụ tiện ích,2024-03-01,0.018519180523678614,0.014398134462936057,0.014398134462936057,0.009330046726854752,0.6565700992459174
Dịch vụ tiện ích,2024-04-01,-0.05600221371171535,0.014480555384150908,0.014480555384150908,0.009218173228414072,0.6561951972671674
Dịch vụ tiện ích,2024-05-01,0.09727967619606336,0.013098540303839806,0.013098540303839806,0.008667901591762856,0.6636433472029784
Dịch vụ tiện ích,2024-06-01,0.019464669424377773,0.014717408301767182,0.014717408301767182,0.009787394918264646,0.6725292488225965
Dịch vụ tiện ích,2024-07-01,-0.016499395047844524,0.01480697926634474,0.01480697926634474,0.010178731065365567,0.6706017682805457
Dịch vụ tiện ích,2024-08-01,0.0022195893054318483,0.014227231593859755,0.014227231593859755,0.009649343173719295,0.6711236392757673
Dịch vụ tiện ích,2024-09-01,-0.004172475187126439,0.014008910824979248,0.014008910824979248,0.009239181810409444,0.6694871958807048
Dịch vụ tiện ích,2024-10-01,-0.02979988886478325,0.013684243217620216,0.013684243217620216,0.00898676710988703,0.6698577170722638
Dịch vụ tiện ích,2024-11-01,-0.013255327501510367,0.012921363707402612,0.012921363707402612,0.00852877102855565,0.6727665454090196
Dịch vụ tiện ích,2024-12-01,0.007286279252686471,0.012470041445179974,0.012470041445179974,0.008302897348212181,0.6738382106677803
Dịch vụ tiện ích,2025-01-01,0.0006426248201425724,0.012382181069036016,0.012382181069036016,0.008167191440599273,0.6736932543021125
Dịch vụ tiện ích,2025-02-01,0.016747613517401144,0.012186521798221125,0.012186521798221125,0.008084915321049971,0.6739023163429527
Dịch vụ tiện ích,2025-03-01,0.008277948062746801,0.012261293793617518,0.012261293793617518,0.007911101264800132,0.6728302315982736
Dịch vụ tiện ích,2025-04-01,-0.05838495541872269,0.012197046281829282,0.012197046281829282,0.007932486068296551,0.6727869502201158
Dịch vụ tiện ích,2025-05-01,0.05360733991489392,0.011076697048487188,0.011076697048487188,0.007531579617268712,0.6794946886487261
Dịch vụ tiện ích,2025-06-01,-0.0054696593734840995,0.011741238343274793,0.011741238343274793,0.007382126930237927,0.6760127746357647
Dịch vụ tiện ích,2025-07-01,0.03619285410070669,0.011476455301478504,0.011476455301478504,0.006895139595926438,0.6729153775894662
Dịch vụ tiện ích,2025-08-01,0.015383274542297942,0.0118509461923759,0.0118509461923759,0.006510553522700987,0.6630917900052634
Dịch vụ tiện ích,2025-09-01,-0.02585092020007213,0.011903667511031453,0.011903667511031453,0.005757713265147855,0.6353951708654599
Dịch vụ tiện ích,2025-10-01,0.0034789132464684365,0.011348452985868163,0.011348452985868163,0.005417136341170903,0.6374322711661382
Dịch vụ tiện ích,2025-11-01,0.006277779251092456,0.011234401685297154,0.011234401685297154,0.00554947517575858,0.6366032419827247
Dịch vụ tiện ích,2025-12-01,0.005695059531024288,0.011163592793379943,0.011163592793379943,0.005316763676694324,0.6353977759347791
Dịch vụ viễn thông,2024-01-01,0.08174060547999722,0.010463274921348192,0.010463274921348192,0.004865056967228876,0.9535474383531716
Dịch vụ viễn thông,2024-02-01,0.12718894215629442,0.011948219307986714,0.011948219307986714,0.0058707490292738244,0.9585209119335462
Dịch vụ viễn thông,2024-03-01,0.22068233606935686,0.01430007079468687,0.01430007079468687,0.006786782236988375,0.973345543896515
Dịch vụ viễn thông,2024-04-01,0.23784790870671468,0.01842771610018027,0.01842771610018027,0.010521564487309962,0.9858612627697213
Dịch vụ viễn thông,2024-05-01,0.25518462540385506,0.022730072817955457,0.022730072817955457,0.0167072000223906,0.9021361752948551
Dịch vụ viễn thông,2024-06-01,0.20952786462649842,0.027200352675376602,0.027200352675376602,0.02037384614723429,0.931239927830054
Dịch vụ viễn thông,2024-07-01,-0.2198077806512703,0.030640494410303427,0.030640494410303427,0.024348529106267336,0.9116630905736145
Dịch vụ viễn thông,2024-08-01,-0.04608368374510566,0.026002563390644655,0.026002563390644655,0.019752998083448034,0.9161933686292614
Dịch vụ viễn thông,2024-09-01,-0.04489032361832204,0.02469190435181283,0.02469190435181283,0.01820843316477437,0.9100309328527367
Dịch vụ viễn thông,2024-10-01,0.07199660750531273,0.02344936456663185,0.02344936456663185,0.017055772953192765,0.9117229303242549
Dịch vụ viễn thông,2024-11-01,0.17428293299958011,0.02430107058309993,0.024301070583099934,0.018404213278743045,0.9031587054558182
Dịch vụ viễn thông,2024-12-01,0.012197529707024098,0.02688696476269442,0.026886964762694417,0.021389243019449874,0.8889961316463412
Dịch vụ viễn thông,2025-01-01,0.020694545794062064,0.026637991287174582,0.026637991287174582,0.021078030169734776,0.888663704823977
Dịch vụ viễn thông,2025-02-01,-0.09511307281134686,0.026538933862289376,0.026538933862289376,0.021131033770017797,0.8885290236928328
Dịch vụ viễn thông,2025-03-01,-0.09840879972544032,0.024544638670918287,0.024544638670918287,0.01888924377268612,0.8747016675585338
Dịch vụ viễn thông,2025-04-01,-0.06118024657143915,0.02256151869678347,0.02256151869678347,0.0169927620493961,0.8785400167231081
Dịch vụ viễn thông,2025-05-01,0.007367976196627447,0.0212322843274466,0.021232284327446605,0.016615783218491026,0.8848474118382315
Dịch vụ viễn thông,2025-06-01,0.07542601711113138,0.021015654512902555,0.021015654512902555,0.015480478534224738,0.8583973468199079
Dịch vụ viễn thông,2025-07-01,0.004819226881518601,0.02185273701441377,0.02185273701441377,0.015986709480109048,0.8616171394634761
Dịch vụ viễn thông,2025-08-01,-0.005575380651067206,0.02159465352755172,0.02159465352755172,0.014882533130926382,0.8334128600322691
Dịch vụ viễn thông,2025-09-01,-0.05880122778090059,0.021189130629363378,0.021189130629363378,0.013588356214403161,0.7858007340907452
Dịch vụ viễn thông,2025-10-01,0.11604219124501787,0.020012801829212435,0.020012801829212435,0.012648611768135583,0.7914216483667286
Dịch vụ viễn thông,2025-11-01,-0.07190536950577005,0.021404532110600918,0.021404532110600918,0.014437115337156591,0.7802176683862683
Dịch vụ viễn thông,2025-12-01,0.0016045626189873608,0.020071533516081333,0.020071533516081333,0.012962389603787185,0.7725784592850553
Hàng tiêu dùng không thiết yếu,2024-01-01,0.052543559519763555,0.015988385523389197,0.015988385523389197,0.00956047739765446,1.0948690060832276
Hàng tiêu dùng không thiết yếu,2024-02-01,0.03631344241505131,0.016749951648313662,0.016749951648313662,0.009800446380944024,1.0960557305723055
Hàng tiêu dùng không thiết yếu,2024-03-01,0.08675632854583652,0.017149206561920552,0.017149206561920552,0.008812170266900727,1.0800619548607922
Hàng tiêu dùng không thiết yếu,2024-04-01,-0.0002896402761082507,0.01854134900159887,0.01854134900159887,0.009851811577023344,1.0835459219288444
Hàng tiêu dùng không thiết yếu,2024-05-01,0.1310610003525936,0.01817211391772226,0.01817211391772226,0.011046022617523068,1.0673817908121237
Hàng tiêu dùng không thiết yếu,2024-06-01,0.0076449265050097664,0.020343054041469785,0.020343054041469785,0.012437582918652525,1.078427205412532
Hàng tiêu dùng không thiết yếu,2024-07-01,0.02081875629170503,0.020103466729461106,0.020103466729461106,0.012668402786400157,1.0772903290797469
Hàng tiêu dùng không thiết yếu,2024-08-01,0.047060137034546395,0.020116712832465626,0.020116712832465626,0.012768944251735494,1.0771912152250411
Hàng tiêu dùng không thiết yếu,2024-09-01,-0.047106871651105525,0.02060659327250346,0.02060659327250346,0.012927684606104349,1.0778245503649981
Hàng tiêu dùng không thiết yếu,2024-10-01,-0.03619214322026679,0.01939742425601044,0.01939742425601044,0.011827697345172347,1.0794392288673864
Hàng tiêu dùng không thiết yếu,2024-11-01,-0.03923766848486597,0.01842216868625119,0.01842216868625119,0.011354736955604055,1.0824430986370581
Hàng tiêu dùng không thiết yếu,2024-12-01,1.2693526158719277e-05,0.01742803356261124,0.01742803356261124,0.010715235169542071,1.085477236328514
Hàng tiêu dùng không thiết yếu,2025-01-01,0.006076395355871474,0.017132858307756113,0.017132858307756113,0.010344006145429682,1.0850807023005389
Hàng tiêu dùng không thiết yếu,2025-02-01,0.016200348392322754,0.016948583925224702,0.016948583925224702,0.010344407404512514,1.08507968270891
Hàng tiêu dùng không thiết yếu,2025-03-01,-0.029947754503985985,0.01693631776894762,0.01693631776894762,0.00993696943296294,1.0825666061308372
Hàng tiêu dùng không thiết yếu,2025-04-01,-0.03892937247288688,0.01618012305486805,0.01618012305486805,0.009310071031536098,1.0838354055744803
Hàng tiêu dùng không thiết yếu,2025-05-01,0.048917148815076944,0.015305369157602097,0.015305369157602097,0.009683268358591809,1.0775912804282566
Hàng tiêu dùng không thiết yếu,2025-06-01,0.0582760020612741,0.015830553214750142,0.015830553214750142,0.008986614527071349,1.061360801161901
Hàng tiêu dùng không thiết yếu,2025-07-01,-0.005220035361874193,0.01648356012008128,0.01648356012008128,0.009246396622991829,1.0630130993632967
Hàng tiêu dùng không thiết yếu,2025-08-01,0.026068150759500697,0.016154717764294075,0.016154717764294075,0.007875474359912515,1.0279952558684844
Hàng tiêu dùng không thiết yếu,2025-09-01,-0.004503576850433526,0.016302679450789698,0.016302679450789698,0.006757187181625615,0.9868540260322841
Hàng tiêu dùng không thiết yếu,2025-10-01,0.0032556612669816624,0.015996705093418766,0.015996705093418766,0.006817363053816286,0.9864940947547862
Hàng tiêu dùng không thiết yếu,2025-11-01,0.04832808120663432,0.01581205228433997,0.01581205228433997,0.007013542403486051,0.985265140256539
Hàng tiêu dùng không thiết yếu,2025-12-01,0.017138494589614275,0.016276566983229886,0.016276566983229886,0.007201361465015713,0.9862380595267145
Hàng tiêu dùng thiết yếu,2024-01-01,0.008555530387569874,0.010835289610978821,0.010835289610978821,0.006258026563183903,0.7796476467447753
Hàng tiêu dùng thiết yếu,2024-02-01,0.07847704448568923,0.010787794627157801,0.010787794627157801,0.0058570376704234,0.7776646265545663
Hàng tiêu dùng thiết yếu,2024-03-01,0.014697601760138549,0.012169207889576811,0.012169207889576811,0.006132034347752534,0.7821150378476402
Hàng tiêu dùng thiết yếu,2024-04-01,-0.02960729135929506,0.012219775766988046,0.012219775766988046,0.005952402214001088,0.7815130682719217
Hàng tiêu dùng thiết yếu,2024-05-01,0.12438605570255466,0.011399637195884455,0.011399637195884455,0.006204888641186997,0.778095562005594
Hàng tiêu dùng thiết yếu,2024-06-01,0.025026628788991742,0.013572452936397344,0.013572452936397344,0.007777099449213732,0.7905748776341034
Hàng tiêu dùng thiết yếu,2024-07-01,-0.007422385054684621,0.013788569461917994,0.013788569461917994,0.008351848276942825,0.787744019329239
Hàng tiêu dùng thiết yếu,2024-08-01,0.022263318682695897,0.013395774007906834,0.013395774007906834,0.008020160811322789,0.7880709970907578
Hàng tiêu dùng thiết yếu,2024-09-01,-0.0017833989404780685,0.013557002092903,0.013557002092903,0.007944577001358782,0.7877694361987442
Hàng tiêu dùng thiết yếu,2024-10-01,-0.012685366628415235,0.013283066360164051,0.013283066360164051,0.007756783792393054,0.7880450990797437
Hàng tiêu dùng thiết yếu,2024-11-01,0.021818646471094414,0.012827479816504766,0.012827479816504766,0.007678990407722877,0.7885391810401898
Hàng tiêu dùng thiết yếu,2024-12-01,0.04861074445540338,0.01298249993123907,0.01298249993123907,0.008118931498803758,0.7864518657651401
Hàng tiêu dùng thiết yếu,2025-01-01,-0.04185013768925549,0.013586368482496093,0.013586368482496093,0.008662268816410388,0.7870322399306967
Hàng tiêu dùng thiết yếu,2025-02-01,0.013352076095579358,0.012662426712966902,0.0126624267129669,0.007859862278300659,0.789071139545309
Hàng tiêu dùng thiết yếu,2025-03-01,-0.02891213259215402,0.012673732440550709,0.012673732440550709,0.007583022973608669,0.7873635952782261
Hàng tiêu dùng thiết yếu,2025-04-01,-0.06463964757539038,0.012002992681958698,0.012002992681958698,0.007004752727581381,0.7885339746646861
Hàng tiêu dùng thiết yếu,2025-05-01,0.0332308267411974,0.01078644283660395,0.01078644283660395,0.006640653164002953,0.7946258812134426
Hàng tiêu dùng thiết yếu,2025-06-01,0.02965671697688233,0.011137136335113222,0.011137136335113222,0.006095129934566746,0.781916407635503
Hàng tiêu dùng thiết yếu,2025-07-01,-0.004418385481876038,0.011422052960371208,0.011422052960371208,0.006098495061003334,0.7819378109286703
Hàng tiêu dùng thiết yếu,2025-08-01,0.04888585733264787,0.011182046317306857,0.011182046317306857,0.005091627110560349,0.7562191066241982
Hàng tiêu dùng thiết yếu,2025-09-01,-0.002661718733492452,0.01174478976529702,0.01174478976529702,0.004603757416463727,0.7382706229031442
Hàng tiêu dùng thiết yếu,2025-10-01,0.04696080687507298,0.011532929346197176,0.011532929346197176,0.0046668201981451786,0.7378934240899513
Hàng tiêu dùng thiết yếu,2025-11-01,0.09628302054624457,0.012046376846615666,0.012046376846615666,0.005503738474109736,0.732650596638217
Hàng tiêu dùng thiết yếu,2025-12-01,0.009775956519172834,0.01324975747089608,0.01324975747089608,0.006462330798055554,0.7376161892496029
Nguyên vật liệu,2024-01-01,0.008036459155898894,0.028072719768721464,0.028072719768721464,0.02044253310852089,1.2996537476067926
Nguyên vật liệu,2024-02-01,0.12140051318057457,0.02765529767262099,0.027655297672620992,0.01944612880420432,1.2947262050021375
Nguyên vật liệu,2024-03-01,0.051881069692457135,0.029568465336048618,0.029568465336048618,0.0195601806490989,1.2965719640980091
Nguyên vật liệu,2024-04-01,-0.07530465534150446,0.03001471742317679,0.03001471742317679,0.01961532756772051,1.2967567682670156
Nguyên vật liệu,2024-05-01,0.12336139190580112,0.027949631682692842,0.027949631682692842,0.01926007677792839,1.301565231889254
Nguyên vật liệu,2024-06-01,-0.0037454405060622035,0.029784473225444925,0.029784473225444925,0.020189213718636887,1.308940192731663
Nguyên vật liệu,2024-07-01,-0.02066119097174848,0.02915183334371838,0.02915183334371838,0.02011550101351531,1.3093032560619389
Nguyên vật liệu,2024-08-01,0.020000244855884745,0.02822936993046899,0.02822936993046899,0.019292779544500333,1.3101142955258183
Nguyên vật liệu,2024-09-01,0.002836003922150089,0.028079749474567456,0.02807974947456746,0.01876101899555605,1.3079927011585368
Nguyên vật liệu,2024-10-01,-0.02734640363887062,0.027628968303988578,0.027628968303988578,0.018453308895176507,1.3084443908295875
Nguyên vật liệu,2024-11-01,-0.011049409141793984,0.02666448809446473,0.02666448809446473,0.018107103946819077,1.310643210437781
Nguyên vật liệu,2024-12-01,0.025513368926469937,0.02601424848694303,0.026014248486943028,0.01790299186373448,1.31161162706783
Nguyên vật liệu,2025-01-01,-0.005367330816384252,0.02600575900286721,0.02600575900286721,0.01780029310566512,1.3115019277998308
Nguyên vật liệu,2025-02-01,0.12304270056424385,0.025482874172546355,0.025482874172546355,0.017495904788626705,1.3122753726720076
Nguyên vật liệu,2025-03-01,-0.050427655272442876,0.027082215588803686,0.02708221558880369,0.018555429203476893,1.3188105171032685
Nguyên vật liệu,2025-04-01,-0.10290475739785503,0.025832056381364227,0.025832056381364227,0.017458507240456587,1.3210306120552293
Nguyên vật liệu,2025-05-01,0.06316722972283542,0.023788614892805194,0.023788614892805194,0.016842663061115464,1.3313345661502847
Nguyên vật liệu,2025-06-01,0.04381954357837491,0.02440390574952442,0.024403905749524415,0.015952789802951527,1.3106025055301744
Nguyên vật liệu,2025-07-01,0.06296770234650026,0.024702607869968266,0.024702607869968266,0.015786995278231526,1.3095479986981104
Nguyên vật liệu,2025-08-01,0.014226976752494005,0.0252823820287036,0.0252823820287036,0.014914969008951237,1.2872735924510108
Nguyên vật liệu,2025-09-01,-0.006560992864168698,0.02511737597980495,0.02511737597980495,0.013256278890922474,1.2262512068797182
Nguyên vật liệu,2025-10-01,-0.0070436867731333685,0.024651517614452396,0.024651517614452396,0.013240345322054576,1.226346510688187
Nguyên vật liệu,2025-11-01,-0.01911828915993402,0.024192166826226515,0.024192166826226515,0.013240803377138623,1.226343641227885
Nguyên vật liệu,2025-12-01,-0.01383349850063332,0.023573446026424222,0.023573446026424222,0.012332139862070553,1.221636684241118
Năng lượng,2024-01-01,-0.003542699673440041,0.03147422922503393,0.03147422922503393,0.022766764506672525,1.4831470915909208
Năng lượng,2024-02-01,0.05500551654589576,0.030744709872982383,0.030744709872982386,0.02138421532941113,1.4763099372907305
Năng lượng,2024-03-01,0.0065412551807435965,0.03123982837651123,0.03123982837651123,0.020015163385696266,1.4541538723873668
Năng lượng,2024-04-01,-0.05442013566187741,0.030745856912595876,0.030745856912595876,0.01910857901023954,1.4511157956220933
Năng lượng,2024-05-01,0.19759510074869283,0.02907593548956699,0.02907593548956699,0.01941569899366168,1.4469588019984845
Năng lượng,2024-06-01,-0.050845471638792536,0.0323166886676271,0.0323166886676271,0.02158353855265978,1.464165880050988
Năng lượng,2024-07-01,0.023049668261076125,0.030747591303355033,0.030747591303355033,0.020609337563362758,1.4689641933804038
Năng lượng,2024-08-01,0.005628351268352969,0.030605037172942464,0.030605037172942464,0.020584729692416884,1.4689884518387168
Năng lượng,2024-09-01,0.004090699196924249,0.030150915611040836,0.030150915611040836,0.019710041574066705,1.4654986604491447
Năng lượng,2024-10-01,-0.07291188295025929,0.029685554603645897,0.029685554603645897,0.019405392922709395,1.4659458561991316
Năng lượng,2024-11-01,-0.06469233686366216,0.027885599558840544,0.027885599558840544,0.018267015148705084,1.4731759301275607
Năng lượng,2024-12-01,0.07885597149859472,0.02628942824121119,0.02628942824121119,0.017146139404783937,1.4784939627213587
Năng lượng,2025-01-01,-0.07454549708318972,0.027180386601505825,0.027180386601505825,0.017924923520237508,1.4793258330282721
Năng lượng,2025-02-01,0.02792039042814991,0.0254849552067609,0.0254849552067609,0.016458580539146304,1.483051782403111
Năng lượng,2025-03-01,-0.09709503857736033,0.025524880374324654,0.025524880374324654,0.01595622360080088,1.4799532458313063
Năng lượng,2025-04-01,-0.16249820287807507,0.02354713974607167,0.02354713974607167,0.014142973671351679,1.4836231395436439
Năng lượng,2025-05-01,0.07078033814481333,0.020594039069497912,0.020594039069497912,0.012730232438236953,1.5072603213219629
Năng lượng,2025-06-01,0.07244425623058424,0.021378199992549717,0.021378199992549717,0.01179889659634307,1.485562275049998
Năng lượng,2025-07-01,0.09053480052050612,0.022163831626981018,0.022163831626981018,0.012039468376877378,1.4870923894286465
Năng lượng,2025-08-01,0.1503748746665788,0.023199755398095035,0.023199755398095035,0.011362344386128544,1.4697964255558553
Năng lượng,2025-09-01,-0.009939904452340043,0.025097891506579866,0.025097891506579866,0.01100738136502127,1.4567375123193664
Năng lượng,2025-10-01,-0.002727225062343821,0.02458262980130163,0.02458262980130163,0.011028861351511252,1.4566090336002964
Năng lượng,2025-11-01,0.010694890208380861,0.024186834803277785,0.024186834803277785,0.011188087285516074,1.4556115716953495
Năng lượng,2025-12-01,-0.013579890942077635,0.0239940927376364,0.0239940927376364,0.010626553207569655,1.4527027757464996
Tài chính,2024-01-01,0.03148087673512126,0.036597068688616737,0.036597068688616737,0.02772135576598526,1.511804897611352
Tài chính,2024-02-01,0.05688708092813547,0.03649048135625225,0.03649048135625225,0.026929753405647055,1.5078901670751494
Tài chính,2024-03-01,0.06426051740479516,0.036906738490372314,0.036906738490372314,0.025451896612076617,1.483973257869078
Tài chính,2024-04-01,-0.0943651873552602,0.037453814068660767,0.037453814068660767,0.025550387614324103,1.4843033134420807
Tài chính,2024-05-01,0.08556124541985125,0.034869127766230947,0.034869127766230947,0.02490087718451356,1.493094700720448
Tài chính,2024-06-01,-0.04127746721390452,0.035843976182646724,0.035843976182646724,0.02489887804644403,1.4930788326989162
Tài chính,2024-07-01,-0.04881532081245385,0.03438885460912689,0.03438885460912689,0.024055501378556773,1.497232786094264
Tài chính,2024-08-01,0.0396663250855907,0.032848036545764285,0.032848036545764285,0.022625451789492386,1.498642530091129
Tài chính,2024-09-01,0.007135463114298269,0.03297200542830658,0.03297200542830658,0.022304132931234087,1.4973605465345534
Tài chính,2024-10-01,-0.0381442791392322,0.03251063860127072,0.03251063860127072,0.02200711933613942,1.4977965347354623
Tài chính,2024-11-01,-0.014356430400125362,0.03127107864091102,0.03127107864091102,0.021469446438442702,1.5012114070989535
Tài chính,2024-12-01,0.04207153243391656,0.030484397450548324,0.030484397450548324,0.021192493498245264,1.5025254196207747
Tài chính,2025-01-01,-0.015225658247491947,0.0306807895689105,0.0306807895689105,0.0212795952147504,1.5026184586674167
Tài chính,2025-02-01,0.09065124365440846,0.02991568210530379,0.02991568210530379,0.020762216344393954,1.5039331084481418
Tài chính,2025-03-01,0.0035849103864083677,0.030911347048731736,0.030911347048731736,0.02117133289508845,1.5064565384989594
Tài chính,2025-04-01,-0.0984295783038692,0.030470598070307164,0.030470598070307164,0.02091845492884266,1.5069683461892516
Tài chính,2025-05-01,0.043814812198472525,0.028424563524685323,0.02842456352468532,0.020528215149944698,1.5134976159342888
Tài chính,2025-06-01,0.03145490514488769,0.028665036160213243,0.028665036160213243,0.01911752633355891,1.4806317153252904
Tài chính,2025-07-01,0.24671794882299888,0.02870795722151593,0.028707957221515926,0.01864791445733601,1.4776448318155253
Tài chính,2025-08-01,0.19195766207051956,0.03201113891244748,0.03201113891244748,0.019860969206359116,1.5086302220859529
Tài chính,2025-09-01,-0.07572364791793484,0.034398400452120205,0.034398400452120205,0.01982039040597626,1.5071373481753478
Tài chính,2025-10-01,-0.09601786600363595,0.03277895856432528,0.03277895856432528,0.01869223442854355,1.5138852125168432
Tài chính,2025-11-01,-0.036943317349958905,0.030912337918412792,0.030912337918412792,0.017316224493994517,1.522505149332536
Tài chính,2025-12-01,-0.014702277754548096,0.02994297141457891,0.02994297141457891,0.015996049479527187,1.5156665265584757
