sector,date,actual_return,predicted_return,alpha_rolling,beta_mkt,beta_smb,beta_hml
Bất động sản,2024-01-01,-0.006564435691747619,0.017343929118389407,0.01433156453136565,1.0146097160009122,0.004868134833834609,0.15588831666282227
Bất động sản,2024-02-01,0.03986559530025371,0.0168458381848449,0.013537395154987905,0.9986032849885886,-0.009122746651946095,0.159464486366512
Bất động sản,2024-03-01,0.03471123688793573,0.017315629146383862,0.012960281358584133,0.9729178655890026,-0.021693183254511212,0.16787399784348583
Bất động sản,2024-04-01,-0.08997324807975303,0.017663541301214898,0.012991727065826682,0.9729468847353135,-0.021822178182064583,0.16784209210373405
Bất động sản,2024-05-01,0.033176354520574526,0.01555301601923513,0.012359936491648928,0.9889952516932137,-0.008888244767673685,0.17368015756510918
Bất động sản,2024-06-01,-0.024815416473277997,0.015891926375030112,0.011984215815892613,1.0043995933959051,0.018891397814753325,0.17685782402902767
Bất động sản,2024-07-01,-0.008000832581206334,0.015123863302420526,0.011810984220552968,1.002807739812817,0.016445346661709565,0.17926326728807881
Bất động sản,2024-08-01,0.031621380850747,0.014695628193464476,0.011558119915768687,0.9941885283840314,0.003970863572435496,0.17956120637175435
Bất động sản,2024-09-01,-0.011539274402352867,0.015003369150869604,0.01156516149592469,0.9941928022182633,0.003912871491205328,0.17952675919974348
Bất động sản,2024-10-01,-0.028341130377593136,0.014529393373133494,0.011311863599064331,0.987386943028803,-0.005887760012304177,0.18033752428629474
Bất động sản,2024-11-01,-0.003151076066060581,0.013777278921366369,0.011113701085932246,0.9868586871613326,-0.008337806012497131,0.18079074625459504
Bất động sản,2024-12-01,0.004040322343738898,0.013485410731927976,0.011202760220144948,0.9851299219685893,-0.010444421918374344,0.180364304652444
Bất động sản,2025-01-01,-0.01973709999527442,0.013325324488060362,0.011064912736922571,0.9818857174469269,-0.014071486052746659,0.18149761052743035
Bất động sản,2025-02-01,0.05853302004400866,0.012774284080004769,0.010753010619971783,0.9744226487918954,-0.026386833345750343,0.18072300929088966
Bất động sản,2025-03-01,0.12197295824077423,0.013524427292529423,0.011077014594735004,0.9831885876341502,-0.013188093807522167,0.18584040047355033
Bất động sản,2025-04-01,-0.012628363517429056,0.015273597146533376,0.012280878055324459,1.01020461401288,0.01474250678489751,0.15971661448398086
Bất động sản,2025-05-01,0.19590795949556314,0.01483070888202604,0.01330675391063374,0.9827519831779696,-0.0018125617224319934,0.16698656418393665
Bất động sản,2025-06-01,0.007190315193758671,0.017660040922862552,0.014565548677256925,0.9962797924119418,-0.03379727536284238,0.15620129728323906
Bất động sản,2025-07-01,0.12169234737690048,0.017498968219337892,0.013914280046650242,0.997516097560446,-0.028730160195947832,0.15335012912711832
Bất động sản,2025-08-01,0.1095403076975689,0.019077655782331268,0.01410814716385864,1.0039345692316428,-0.024253598978844423,0.15554916323122042
Bất động sản,2025-09-01,0.04768240600984596,0.02042784461688705,0.014191412501832843,0.98505300738287,-0.04004971350792383,0.161562672365819
Bất động sản,2025-10-01,-0.00840293022733051,0.020828646990312914,0.015002836373432207,0.9897720677304926,-0.02411166597326697,0.16394473402051407
Bất động sản,2025-11-01,0.0523385429954323,0.020405000943680397,0.015032293709836546,0.990189573973752,-0.02479316791161865,0.15977347910746403
Bất động sản,2025-12-01,0.0033669441720199163,0.020861194401562578,0.01515702336980417,0.9978140432801325,-0.015653648025688152,0.15884440265673008
Chăm sóc sức khỏe,2024-01-01,0.023430783615930942,0.011273244600092198,0.011921997369471707,0.20311823525155673,-0.4374543692496751,0.09372842540466167
Chăm sóc sức khỏe,2024-02-01,0.025955098132430354,0.011526526662922176,0.012025968686659887,0.2052137702411112,-0.4356227066094778,0.09326023929016176
Chăm sóc sức khỏe,2024-03-01,0.02049000293785691,0.011820987305157037,0.011835244155146788,0.19672525443672412,-0.4397769837154471,0.09603941411962236
Chăm sóc sức khỏe,2024-04-01,-0.0015269875721199584,0.011994367617811027,0.01182472197060693,0.19671554421426513,-0.4397338201630454,0.09605009023763586
Chăm sóc sức khỏe,2024-05-01,0.08961732881691148,0.011729243006243758,0.012210996434277442,0.18690363091131998,-0.44764158010279326,0.09248071820656252
Chăm sóc sức khỏe,2024-06-01,0.04655345145853471,0.013227090810295054,0.012902451922820331,0.15855433499813903,-0.498765693234744,0.0866327171275385
Chăm sóc sức khỏe,2024-07-01,0.08806350009585347,0.013855890067809015,0.013659855019829015,0.1655142364609851,-0.4880710695714067,0.07611563927859158
Chăm sóc sức khỏe,2024-08-01,-0.015649359050904938,0.01523010506832835,0.015047238668399947,0.2128050275043229,-0.4196276652040012,0.07448094507644187
Chăm sóc sức khỏe,2024-09-01,0.0006673030127265059,0.014668660266160472,0.014373860020480841,0.212396325387334,-0.4140819455809137,0.07777509065163284
Chăm sóc sức khỏe,2024-10-01,-0.01418876473680787,0.01441863602949201,0.014372679230851804,0.2123645987601211,-0.41412763282972476,0.07777887016586317
Chăm sóc sức khỏe,2024-11-01,0.04361247673778363,0.013916751805521842,0.014214896344463664,0.21194398572790016,-0.4160784323204263,0.07813973897602615
Chăm sóc sức khỏe,2024-12-01,0.03413425069778195,0.014428747062974631,0.014818564030969386,0.20022593239580572,-0.4303576633223727,0.07524919868865587
Chăm sóc sức khỏe,2025-01-01,-0.013189701694969093,0.014762738650005259,0.015139357850851364,0.2077757311781552,-0.42191688710054587,0.07261180907345961
Chăm sóc sức khỏe,2025-02-01,0.03442057180066608,0.014296864644255688,0.014958274912128283,0.20344285130815876,-0.4290668843529356,0.07216209404868631
Chăm sóc sức khỏe,2025-03-01,-0.023983918915070467,0.014626761482885362,0.015289665211730023,0.21240862742664032,-0.4155672528958362,0.07739614649647047
Chăm sóc sức khỏe,2025-04-01,-0.053238902195950906,0.014004008573240915,0.015024251197837547,0.20645244366050705,-0.42172507149931066,0.08315561933084382
Chăm sóc sức khỏe,2025-05-01,0.060183169232080294,0.012936660783253746,0.014108899200464207,0.23094743526971323,-0.4069535814146094,0.07666890561766099
Chăm sóc sức khỏe,2025-06-01,-0.004389533339778833,0.013674887477766661,0.014104077009641242,0.23089561293991712,-0.40683105437789047,0.07671022181665554
Chăm sóc sức khỏe,2025-07-01,0.010780232275856479,0.01339697331134288,0.013509337073027865,0.23202460950308837,-0.40220375373489126,0.07410652882615242
Chăm sóc sức khỏe,2025-08-01,-0.0005493388894699813,0.01335732571989613,0.012867866812898608,0.21078707963292875,-0.41701586282161585,0.06683033367194664
Chăm sóc sức khỏe,2025-09-01,0.02772578645504574,0.013149763561547373,0.013104739832914212,0.15707286088904568,-0.4619526089400785,0.08393754904222483
Chăm sóc sức khỏe,2025-10-01,0.0012919012337590722,0.01336411683939294,0.013594775870701199,0.15992280124175942,-0.4523272849419696,0.08537612645643156
Chăm sóc sức khỏe,2025-11-01,-0.010511243120072334,0.013189157192934477,0.01362438565962079,0.1603424682328907,-0.45301231390269847,0.08118328376998105
Chăm sóc sức khỏe,2025-12-01,-0.0009522511971144404,0.012850580045605813,0.013475725905504074,0.15125520115743352,-0.46390530262197904,0.08229060881807079
Công nghiệp,2024-01-01,0.02225626361303207,0.016019233285463334,0.016078690567021825,0.4988265980082267,-0.43096837166165114,0.15448432571979787
Công nghiệp,2024-02-01,0.03763497987326994,0.016149171417287694,0.015970302333665996,0.4966420403667935,-0.43287784711165034,0.15497240134685303
Công nghiệp,2024-03-01,0.03086303531011482,0.016587657304144476,0.01561711243225212,0.4809227302375884,-0.44057087280615864,0.1601189678437891
Công nghiệp,2024-04-01,-0.02189490047249594,0.01687316486426388,0.015625856041133382,0.48093079913117176,-0.44060674037897274,0.1601100963209669
Công nghiệp,2024-05-01,0.14860048266581452,0.016113006720405842,0.015956252083644873,0.4725382761205795,-0.44737056464112257,0.15705706925282564
Công nghiệp,2024-06-01,0.09934729546524654,0.018660842796279085,0.01750339729405135,0.40910617077580713,-0.5617617699738863,0.14397205219853876
Công nghiệp,2024-07-01,-0.05646350905958634,0.020183228695693563,0.019068926218777652,0.42349207320525734,-0.5396563115328771,0.12223357549947167
Công nghiệp,2024-08-01,-0.003337425442958586,0.018763844663188377,0.018233585786859897,0.39501839913783926,-0.5808659243354217,0.12321782103406749
Công nghiệp,2024-09-01,-0.023093289565999937,0.01836200338853116,0.01761201136648278,0.3946411392079927,-0.5757468468729167,0.12625854207989315
Công nghiệp,2024-10-01,0.018087952957432873,0.01762173030005739,0.017306726375038127,0.3864384391848916,-0.5875589690491642,0.12723570934254902
Công nghiệp,2024-11-01,0.05733137651339596,0.017629909644923634,0.017801998882036672,0.38775872223784497,-0.5814355080292256,0.12610296038353416
Công nghiệp,2024-12-01,0.034806811370169055,0.01831441769438005,0.0186499292697392,0.3712991804616136,-0.6014925595332725,0.12204281769024704
Công nghiệp,2025-01-01,0.0183133470794234,0.018593949790579867,0.018955804316318926,0.3784978698100188,-0.5934443283641991,0.1195280819896222
Công nghiệp,2025-02-01,0.046908985166480385,0.018589273078727257,0.019295130707347494,0.38661713548691884,-0.5800461430871866,0.12037079073636299
Công nghiệp,2025-03-01,-0.013871206127014068,0.019053530653936314,0.019701811197290663,0.3976198903320875,-0.5634794640334446,0.12679399327551774
Công nghiệp,2025-04-01,-0.03437053230450574,0.01852248651230809,0.019548482266456658,0.39417901968882807,-0.5670368185562661,0.13012122456564745
Công nghiệp,2025-05-01,0.07047853199560127,0.017682914785057083,0.01938988381581707,0.3984231440571562,-0.5644774365395181,0.12899730420757166
Công nghiệp,2025-06-01,0.0426022382106154,0.018507846303971832,0.019136317504534983,0.39569815919216045,-0.5580345706568072,0.13116984290626485
Công nghiệp,2025-07-01,0.10742737963207856,0.018878529256381733,0.019121424547962212,0.3957264305352306,-0.5579186978470575,0.13110464350691559
Công nghiệp,2025-08-01,0.03880635889539882,0.02022017850449836,0.01947563567794127,0.40745350491550997,-0.5497396532005843,0.13512245924633873
Công nghiệp,2025-09-01,-0.010453066736474385,0.020497584181974476,0.019647513852684297,0.3684777622376889,-0.5823463464458665,0.14753567942897344
Công nghiệp,2025-10-01,0.05467173877326263,0.020042427550820825,0.019603193309872945,0.3682200038410154,-0.5832168938167459,0.1474055695452971
Công nghiệp,2025-11-01,-0.008187027480336125,0.020544301626508384,0.01983856084099398,0.3715559271015229,-0.5886621732704788,0.11407675946263077
Công nghiệp,2025-12-01,2.0545161644873187e-05,0.02013385406783918,0.0196377660570604,0.3592817521588512,-0.6033753370939677,0.11557242380767516
Công nghệ thông tin,2024-01-01,-0.012632945444680613,0.030608530614212537,0.024138955079157653,0.7217521553333383,-0.3927527937865668,-0.12150219465008376
Công nghệ thông tin,2024-02-01,0.12211323048562174,0.029707666529652288,0.023084362965298276,0.7004969213508568,-0.41133154250153525,-0.11675333316094445
Công nghệ thông tin,2024-03-01,0.06171063157616975,0.0315934943654884,0.02348108227371784,0.7181535808938595,-0.40269037858104345,-0.12253419578817891
Công nghệ thông tin,2024-04-01,0.05637382073480264,0.032195837109702016,0.02376638108123272,0.7184168641386557,-0.40386071635472226,-0.12282366835223107
Công nghệ thông tin,2024-05-01,0.11782056348360581,0.03266991521999811,0.025357390301152687,0.6780029978382492,-0.4364316475353683,-0.1375254007856912
Công nghệ thông tin,2024-06-01,0.10975547730771659,0.03430742768660594,0.025948305993156746,0.6537757784583483,-0.4801221542852999,-0.14252308416764542
Công nghệ thông tin,2024-07-01,-0.025923975563671167,0.03573097579266464,0.02734433144282014,0.6666040856142816,-0.4604101054865077,-0.1619078851952715
Công nghệ thông tin,2024-08-01,0.035995174978079886,0.03458921743421397,0.026651073709719444,0.6429734866599024,-0.4946103927728077,-0.16109104956508186
Công nghệ thông tin,2024-09-01,-0.007559259717735431,0.034614780298647896,0.026368664753717002,0.6428020806633927,-0.49228456777987367,-0.15970951450203125
Công nghệ thông tin,2024-10-01,0.009421460301002684,0.03386167244121248,0.02597723118276863,0.6322846551382574,-0.5074299607520181,-0.1584565997444955
Công nghệ thông tin,2024-11-01,0.06302418398042837,0.033432896789629865,0.026047383985775916,0.6324716664413661,-0.5065626039967281,-0.1586170478078445
Công nghệ thông tin,2024-12-01,0.053900130797761625,0.033943091396367774,0.02674300146664569,0.6189687360679476,-0.5230168269415195,-0.16194787103724728
Công nghệ thông tin,2025-01-01,0.002607384081853552,0.03428134630147614,0.027013272902364348,0.6253295037318736,-0.5159054034456045,-0.16416989351296352
Công nghệ thông tin,2025-02-01,-0.08409490015988723,0.033753446931149095,0.02685285827985616,0.6214911670358825,-0.5222393193753133,-0.16456827928273288
Công nghệ thông tin,2025-03-01,-0.13940962359513429,0.03182150681490257,0.024613664661287293,0.5609097055563288,-0.6134558958656227,-0.19993460368757268
Công nghệ thông tin,2025-04-01,-0.10278186821965732,0.029059714388934253,0.023018941200961904,0.5251223488656979,-0.6504547628333929,-0.16532917229613525
Công nghệ thông tin,2025-05-01,0.0628483545635206,0.02696699085546456,0.02125357686766825,0.5723638304545376,-0.6219662012527523,-0.17783956508754276
Công nghệ thông tin,2025-06-01,0.030366713750931876,0.027527637163402938,0.02066185742279821,0.5660048369295615,-0.6069312030930438,-0.17276975361988475
Công nghệ thông tin,2025-07-01,0.008088282637416504,0.027571315264749534,0.020301157155673197,0.5666895553028348,-0.6041248192011164,-0.17434885180947937
Công nghệ thông tin,2025-08-01,-0.02644175501609592,0.027276117800699037,0.01905598710955449,0.5254649846695136,-0.6328768841073142,-0.1884728117478646
Công nghệ thông tin,2025-09-01,-0.08191637346216252,0.026474358504925966,0.01978179359459744,0.36087837070749945,-0.7705683009996176,-0.13605431403986867
Công nghệ thông tin,2025-10-01,0.10927608028680347,0.024880377152468786,0.018626017597487318,0.354156635163849,-0.7932701383821552,-0.13944727520418093
Công nghệ thông tin,2025-11-01,-0.07047713951876798,0.02610350328485045,0.018978912389875528,0.3591583018798689,-0.8014344368016032,-0.18941832880978812
Công nghệ thông tin,2025-12-01,0.001174210718159259,0.024723779816227327,0.018229188775035425,0.313329228898352,-0.856370158494106,-0.18383384669632352
Dịch vụ tiện ích,2024-01-01,0.009030934402257905,0.014219167662768926,0.010044130304368274,0.37256650227851235,-0.4863013373323751,-0.10935881854085101
Dịch vụ tiện ích,2024-02-01,0.028176774131469226,0.014111079469841619,0.009771339447534564,0.3670684206846121,-0.4911070937136811,-0.10813043272458875
Dịch vụ tiện ích,2024-03-01,0.018519180523678614,0.014398134462936068,0.009422375154922023,0.3515371783766185,-0.49870807907251313,-0.10304544040233644
Dịch vụ tiện ích,2024-04-01,-0.05600221371171534,0.014480555384150915,0.009283540077807203,0.3514090567419258,-0.4981385571159585,-0.10290457424834579
Dịch vụ tiện ích,2024-05-01,0.09727967619606336,0.01309854030383981,0.008644622134025682,0.3676384688871409,-0.48505871312986526,-0.09700064827556867
Dịch vụ tiện ích,2024-06-01,0.019464669424377763,0.014717408301767182,0.009337283865777958,0.33923971766374456,-0.5362720122113427,-0.10285885118494466
Dịch vụ tiện ích,2024-07-01,-0.016499395047844527,0.014806979266344734,0.009665470157376744,0.34225547540226664,-0.5316379819387212,-0.10741595002878819
Dịch vụ tiện ích,2024-08-01,0.0022195893054318496,0.014227231593859753,0.009455497848719026,0.335098293908995,-0.5419964863381505,-0.1071685487307204
Dịch vụ tiện ích,2024-09-01,-0.0041724751871264395,0.014008910824979242,0.009025251343834166,0.3348371590216372,-0.5384531211122433,-0.10506379737769231
Dịch vụ tiện ích,2024-10-01,-0.02979988886478325,0.013684243217620217,0.008982359434827603,0.3336846966574245,-0.5401126998133132,-0.10492650740115074
Dịch vụ tiện ích,2024-11-01,-0.013255327501510367,0.01292136370740262,0.008635908877436415,0.33276113883189146,-0.5443961527680874,-0.10413413249099462
Dịch vụ tiện ích,2024-12-01,0.0072862792526864765,0.012470041445179976,0.008254631518626033,0.34016227777759445,-0.5353773704082447,-0.10230846318495213
Dịch vụ tiện ích,2025-01-01,0.0006426248201425712,0.01238218106903602,0.00823312992393884,0.339656243361321,-0.5359431236675621,-0.10213168894859367
Dịch vụ tiện ích,2025-02-01,0.016747613517401148,0.012186521798221127,0.008342093776254033,0.34226348668078094,-0.5316407236173017,-0.10186107990122137
Dịch vụ tiện ích,2025-03-01,0.008277948062746803,0.01226129379361751,0.00845492554754906,0.3453161541900554,-0.5270443690137866,-0.10007898969084286
Dịch vụ tiện ích,2025-04-01,-0.05838495541872268,0.012197046281829278,0.00850572813988255,0.34645622050116087,-0.5258657080094634,-0.1011814037878582
Dịch vụ tiện ích,2025-05-01,0.05360733991489393,0.011076697048487192,0.007795523426200477,0.3654614322146674,-0.5144047815938694,-0.10621432518708854
Dịch vụ tiện ích,2025-06-01,-0.0054696593734840995,0.011741238343274799,0.007563723940764572,0.362970367505271,-0.5085149889443894,-0.10422828315374269
Dịch vụ tiện ích,2025-07-01,0.03619285410070669,0.011476455301478509,0.0069543705519176805,0.3641271048276076,-0.5037739901406416,-0.10689595191046744
Dịch vụ tiện ích,2025-08-01,0.015383274542297938,0.011850946192375911,0.006620381947218561,0.35306954938121654,-0.5114860789996469,-0.11068438360889435
Dịch vụ tiện ích,2025-09-01,-0.025850920200072135,0.011903667511031456,0.006882723847193718,0.2935799114307956,-0.5612544796163225,-0.09173777929225561
Dịch vụ tiện ích,2025-10-01,0.003478913246468436,0.011348452985868167,0.006664359081498291,0.2923099506332655,-0.5655436164501804,-0.09237882320691657
Dịch vụ tiện ích,2025-11-01,0.006277779251092459,0.011234401685297154,0.006685956323714786,0.2926160537832181,-0.5660432733856062,-0.09543706314644539
Dịch vụ tiện ích,2025-12-01,0.005695059531024294,0.011163592793379949,0.00666753634322854,0.29149007800586196,-0.5673929906701409,-0.09529985784902661
Dịch vụ viễn thông,2024-01-01,0.08174060547999722,0.01046327492134819,0.020720007895911555,0.07162709034289413,-0.9093348683254738,0.5574018202277968
Dịch vụ viễn thông,2024-02-01,0.12718894215629445,0.011948219307986733,0.021879182140202638,0.09499017021526579,-0.8889136962737192,0.5521820221128927
Dịch vụ viễn thông,2024-03-01,0.2206823360693569,0.014300070794686877,0.022841247900033827,0.13780852369291982,-0.8679584068371861,0.5381631178702295
Dịch vụ viễn thông,2024-04-01,0.23784790870671463,0.018427716100180278,0.026533049119648506,0.14121544085711496,-0.8831027197695025,0.534417307734111
Dịch vụ viễn thông,2024-05-01,0.255184625403855,0.022730072817955457,0.03202548397787669,0.0016998898188261974,-0.995543122717346,0.48366442290925404
Dịch vụ viễn thông,2024-06-01,0.20952786462649844,0.0272003526753766,0.03491058739532185,-0.11658776842746289,-1.208858883391498,0.45926359280828805
Dịch vụ viễn thông,2024-07-01,-0.2198077806512703,0.030640494410303427,0.038155312609291184,-0.08677145548600741,-1.16304296952556,0.4142082876365364
Dịch vụ viễn thông,2024-08-01,-0.046083683745105665,0.02600256339064467,0.03503601518590466,-0.19309679873431487,-1.316926385342778,0.41788362100091864
Dịch vụ viễn thông,2024-09-01,-0.04489032361832205,0.02469190435181283,0.0335644855755163,-0.19398993258825586,-1.3048073633608612,0.4250822940948799
Dịch vụ viễn thông,2024-10-01,0.07199660750531271,0.023449364566631836,0.03315715324708286,-0.20493454170264258,-1.3205679128953225,0.4263860981714679
Dịch vụ viễn thông,2024-11-01,0.17428293299958011,0.024301070583099948,0.03460907308022281,-0.2010640560147566,-1.3026166348076522,0.42306537946343714
Dịch vụ viễn thông,2024-12-01,0.0121975297070241,0.026886964762694417,0.03723762591534433,-0.25208802664746294,-1.3647927525170178,0.41047908730759924
Dịch vụ viễn thông,2025-01-01,0.020694545794062064,0.026637991287174582,0.037352922317282926,-0.24937455593507424,-1.3617590558943602,0.40953118396814553
Dịch vụ viễn thông,2025-02-01,-0.09511307281134686,0.026538933862289383,0.03790104343143508,-0.23625933393471799,-1.340116683135224,0.41089242927467523
Dịch vụ viễn thông,2025-03-01,-0.09840879972544031,0.02454463867091828,0.0357745263963167,-0.2937923265175474,-1.426743226808476,0.37730574400871697
Dịch vụ viễn thông,2025-04-01,-0.06118024657143916,0.022561518696783474,0.03491321003484645,-0.3131212174621385,-1.4467264591794975,0.3959962724888703
Dịch vụ viễn thông,2025-05-01,0.007367976196627448,0.021232284327446622,0.03353560691440584,-0.27625629885941433,-1.424495392996612,0.386233779941382
Dịch vụ viễn thông,2025-06-01,0.0754260171111314,0.021015654512902562,0.032291216846924264,-0.2896293060341215,-1.392876688327115,0.39689562837150105
Dịch vụ viễn thông,2025-07-01,0.004819226881518601,0.021852737014413766,0.03264527193475849,-0.29030140984409186,-1.3956313702220642,0.3984456348427253
Dịch vụ viễn thông,2025-08-01,-0.005575380651067206,0.02159465352755175,0.03152142558152452,-0.32750924624708805,-1.42158196499705,0.3856978491732461
Dịch vụ viễn thông,2025-09-01,-0.058801227780900606,0.02118913062936337,0.03152731859734671,-0.3288455687244876,-1.422699918218816,0.3861234488926431
Dịch vụ viễn thông,2025-10-01,0.11604219124501788,0.020012801829212445,0.03090230683798142,-0.33248049778395117,-1.434976445295657,0.38428862914204526
Dịch vụ viễn thông,2025-11-01,-0.07190536950577005,0.021404532110600925,0.03141334318938033,-0.3252374509478932,-1.4467993833667219,0.3119242149852126
Dịch vụ viễn thông,2025-12-01,0.0016045626189873608,0.020071533516081333,0.03092981901734035,-0.3547942958039467,-1.4822294389512063,0.3155258516907078
Hàng tiêu dùng không thiết yếu,2024-01-01,0.052545666577618375,0.01598404627596888,0.01753070484101232,0.6747368047473654,-0.41973678006290893,0.2879637339141164
Hàng tiêu dùng không thiết yếu,2024-02-01,0.036266260439967474,0.016745746698919928,0.017882036311976886,0.681817867200441,-0.4135473737237864,0.28638167723982516
Hàng tiêu dùng không thiết yếu,2024-03-01,0.08665714564891892,0.017144124530369877,0.017346799329752024,0.6579962457935675,-0.4252056681439364,0.29418097362291096
Hàng tiêu dùng không thiết yếu,2024-04-01,-0.00025363223214874944,0.018534384952740846,0.018366684606103384,0.6589374299058234,-0.429389387922258,0.2931461680148682
Hàng tiêu dùng không thiết yếu,2024-05-01,0.13098089760787116,0.018165992458919478,0.01942452549580393,0.6320667872041977,-0.45104536727619415,0.28337118146995455
Hàng tiêu dùng không thiết yếu,2024-06-01,0.007638469953196611,0.02033550986563009,0.02044081902571556,0.5903993096998543,-0.5261870159569515,0.274775855005698
Hàng tiêu dùng không thiết yếu,2024-07-01,0.020831398461433406,0.020095943074829457,0.020786992243716305,0.5935803522594599,-0.5212990081002815,0.2699689949633857
Hàng tiêu dùng không thiết yếu,2024-08-01,0.04711321501946975,0.020109562619025828,0.02115227658407008,0.6060315480255822,-0.50327853925472,0.26953859620964
Hàng tiêu dùng không thiết yếu,2024-09-01,-0.047075166670367284,0.02060053811721571,0.021297540049105404,0.6061197145955564,-0.504474880200566,0.2688279722507993
Hàng tiêu dùng không thiết yếu,2024-10-01,-0.03619274428887955,0.019392043388866017,0.020637963454743627,0.5883975562928964,-0.529995294028729,0.27093916891387315
Hàng tiêu dùng không thiết yếu,2024-11-01,-0.03923617230369395,0.018416871675221373,0.020321332251232168,0.58755349003417,-0.5339100658058844,0.27166334330494474
Hàng tiêu dùng không thiết yếu,2024-12-01,6.281058654498679e-05,0.017422853675584892,0.019558223330466588,0.6023665258013956,-0.5158593918956565,0.2753173356063913
Hàng tiêu dùng không thiết yếu,2025-01-01,0.006086492814367984,0.017128615657126593,0.01943639966077423,0.5994994375468794,-0.5190648349892094,0.2763189025363585
Hàng tiêu dùng không thiết yếu,2025-02-01,0.016161533554939173,0.016944580276413938,0.019635728450560323,0.6042688968171197,-0.511194406613445,0.27681393068350846
Hàng tiêu dùng không thiết yếu,2025-03-01,-0.02989435213028248,0.016931743444914348,0.019298126149140043,0.5951350547726909,-0.5249470923550604,0.2714817644908054
Hàng tiêu dùng không thiết yếu,2025-04-01,-0.03891958182418585,0.01617648383886279,0.019061136129238185,0.5898167368414947,-0.5304454514356045,0.27662443786220964
Hàng tiêu dùng không thiết yếu,2025-05-01,0.04881678743736429,0.0153019431140525,0.019166304417750975,0.5870024136608302,-0.5321426043728901,0.2773697211862704
Hàng tiêu dùng không thiết yếu,2025-06-01,0.05819790872227027,0.015825612556604248,0.01845950393291152,0.5794066860816369,-0.5141835123048981,0.28342553908181434
Hàng tiêu dùng không thiết yếu,2025-07-01,-0.005299976230054788,0.016477494036076037,0.018648632292841118,0.5790476631621816,-0.5156550021572441,0.2842535180937138
Hàng tiêu dùng không thiết yếu,2025-08-01,0.02609378298910705,0.0161475323653771,0.01707623844094046,0.5269895032240005,-0.551962950801589,0.2664178595498604
Hàng tiêu dùng không thiết yếu,2025-09-01,-0.004487507327795342,0.0162959838672238,0.01735198108936208,0.46446106105122165,-0.6042735828243463,0.28633227982874637
Hàng tiêu dùng không thiết yếu,2025-10-01,0.003264702936639446,0.01599034429082646,0.017524613842309775,0.46546505465758486,-0.6008827175579656,0.2868390702690261
Hàng tiêu dùng không thiết yếu,2025-11-01,0.04836302550107734,0.015805914705983165,0.017640419308279982,0.46710639467497755,-0.6035619024118576,0.2704406385759523
Hàng tiêu dùng không thiết yếu,2025-12-01,0.01713849458961428,0.01627101628877024,0.017939141459361405,0.48536666951776336,-0.5816731468353166,0.2682155405843872
Hàng tiêu dùng thiết yếu,2024-01-01,0.008541558160967055,0.010830866005008202,0.00653422914751967,0.5065379814310548,-0.43316568859777504,-0.07370991755069661
Hàng tiêu dùng thiết yếu,2024-02-01,0.07846685252920747,0.010783172091590687,0.006264913166888044,0.5011099357361193,-0.4379102280868571,-0.07249717921136761
Hàng tiêu dùng thiết yếu,2024-03-01,0.014682596648050078,0.012164471692358382,0.00650451822915659,0.5117739617098221,-0.43269125695210103,-0.0759886249776009
Hàng tiêu dùng thiết yếu,2024-04-01,-0.02959393220449292,0.01221483419147221,0.006301858221397005,0.5115869403026926,-0.43185991571951654,-0.07578300017114667
Hàng tiêu dùng thiết yếu,2024-05-01,0.12438654373523302,0.011395054458217996,0.006405541381386424,0.5089532425761477,-0.4339825037135545,-0.07674108517589348
Hàng tiêu dùng thiết yếu,2024-06-01,0.025022810859377798,0.013567967713545199,0.007636715381383668,0.45847578361477953,-0.5250117599764779,-0.08715376827661306
Hàng tiêu dùng thiết yếu,2024-07-01,-0.00741815979267477,0.013784096829504305,0.008102658735729695,0.46275741362966083,-0.5184325832569158,-0.09362372139696663
Hàng tiêu dùng thiết yếu,2024-08-01,0.022273473301781286,0.013391462447612102,0.00804937637616524,0.4609412145306918,-0.5210611468017404,-0.0935609410951039
Hàng tiêu dùng thiết yếu,2024-09-01,-0.0017818337893391876,0.013552953554051537,0.007932244249114206,0.4608701220651953,-0.5200964860755823,-0.0929879346904156
Hàng tiêu dùng thiết yếu,2024-10-01,-0.01267718466807983,0.013279118065776703,0.007937224324281837,0.46100393166552767,-0.5199037964315586,-0.09300387509546627
Hàng tiêu dùng thiết yếu,2024-11-01,0.02181418338856973,0.012823744333603792,0.007931148945413961,0.460987736097136,-0.5199789113332609,-0.09298997995896775
Hàng tiêu dùng thiết yếu,2024-12-01,0.048600104553138436,0.012978751903516992,0.00821754592470348,0.4554283610428052,-0.5267533813222158,-0.09436133381030536
Hàng tiêu dùng thiết yếu,2025-01-01,-0.04185089679310004,0.013582503643341086,0.008709689306252648,0.4670108270146505,-0.513804029136323,-0.09840746488653017
Hàng tiêu dùng thiết yếu,2025-02-01,0.01336724330988627,0.012658613636067063,0.008180497363541952,0.45434853463026464,-0.5346989901031006,-0.09972170006132934
Hàng tiêu dùng thiết yếu,2025-03-01,-0.028912642076850462,0.01267023051596573,0.008173173454032987,0.45415038600295643,-0.5349973394492192,-0.09983737552478944
Hàng tiêu dùng thiết yếu,2025-04-01,-0.06466851404551006,0.011999539022533215,0.007863689972542718,0.44720523468519036,-0.5421776051474764,-0.09312159711433737
Hàng tiêu dùng thiết yếu,2025-05-01,0.033236017361461735,0.01078258579923095,0.007190433719149304,0.4652216986521022,-0.5313129343978616,-0.09789268035215754
Hàng tiêu dùng thiết yếu,2025-06-01,0.02965981839307148,0.011133420667390804,0.006587208255609852,0.4587390541319601,-0.5159855798334076,-0.0927242861086535
Hàng tiêu dùng thiết yếu,2025-07-01,-0.004405752605379059,0.011418442170862816,0.00654784802611651,0.45881377177085964,-0.5156793424277267,-0.09289660000137741
Hàng tiêu dùng thiết yếu,2025-08-01,0.0489461986314541,0.011178681643950066,0.005485733473712929,0.42364972608672036,-0.5402044959549214,-0.104944162047127
Hàng tiêu dùng thiết yếu,2025-09-01,-0.002661623798561563,0.011742375927345644,0.005595327046067674,0.39879787458417904,-0.5609952915330593,-0.0970292004979085
Hàng tiêu dùng thiết yếu,2025-10-01,0.04695791143579833,0.011530552401964654,0.0057613854797436415,0.3997636334152618,-0.5577335595307193,-0.09654170999985517
Hàng tiêu dùng thiết yếu,2025-11-01,0.09632255296925195,0.012043992387962242,0.005940673337436032,0.4023047253490298,-0.5618814234401815,-0.12192945541527896
Hàng tiêu dùng thiết yếu,2025-12-01,0.009775956519172834,0.013247971824837813,0.006626632585355571,0.444236012843498,-0.5116180122441184,-0.1270389745430561
Nguyên vật liệu,2024-01-01,0.008036842259448125,0.028070525051011805,0.030722063702048236,0.8937155282425013,-0.3210846541657246,0.4153357359571801
Nguyên vật liệu,2024-02-01,0.12140270453979886,0.027653156659520926,0.030031267193290016,0.8797925705084406,-0.33325441589704374,0.41844641438361796
Nguyên vật liệu,2024-03-01,0.0518838455010949,0.029566412738710267,0.03029901579280781,0.8917091719051187,-0.32742243472342175,0.414544870295399
Nguyên vật liệu,2024-04-01,-0.07530743248953492,0.030012761393957952,0.030347100064614854,0.8917535456731518,-0.3276196834960548,0.41449608257850684
Nguyên vật liệu,2024-05-01,0.12336993228229035,0.027947659553105145,0.03007628012419834,0.898632752107938,-0.32207549334855934,0.41699859623574975
Nguyên vật liệu,2024-06-01,-0.0037465085202563592,0.029782703259435626,0.030733002169780678,0.8717075083121936,-0.37063152148183565,0.4114443540685829
Nguyên vật liệu,2024-07-01,-0.020662835454898637,0.029150076622082955,0.030883268971350675,0.8730883346333361,-0.3685097360042854,0.40935779321813776
Nguyên vật liệu,2024-08-01,0.020000565579790932,0.02822761528732403,0.030458864410317203,0.8586219486165001,-0.389446765942692,0.40985785077323594
Nguyên vật liệu,2024-09-01,0.0028306800745611354,0.028078032565368883,0.029988544484308086,0.8583364914669216,-0.38557336952470606,0.4121586399473131
Nguyên vật liệu,2024-10-01,-0.027346762375991974,0.02762718698517588,0.029948592372926595,0.8572630185018703,-0.38711920123626076,0.4122865201130921
Nguyên vật liệu,2024-11-01,-0.01104757981635889,0.02666273173322559,0.02974202984027704,0.8567123701065353,-0.3896731035809013,0.41275895395612755
Nguyên vật liệu,2024-12-01,0.02551525048473342,0.02601255394788793,0.029459860967517182,0.8621896715648855,-0.38299864575292253,0.4141100623768464
Nguyên vật liệu,2025-01-01,-0.005368629347329095,0.02600412507563106,0.02954468013735442,0.8641858685782586,-0.3807668707387387,0.41341272600739676
Nguyên vật liệu,2025-02-01,0.12304348770068957,0.025481245835248387,0.02943705633923325,0.8616106895376494,-0.38501635921227545,0.41314544495165734
Nguyên vật liệu,2025-03-01,-0.050426555213986674,0.027080626849435928,0.03070115596265821,0.895810948955942,-0.3335215536557949,0.43311091689269426
Nguyên vật liệu,2025-04-01,-0.1029052038644354,0.02583051100970333,0.030201175885229484,0.8845908435180363,-0.34512149360246547,0.44396046334823785
Nguyên vật liệu,2025-05-01,0.06316659266757417,0.023787086964082084,0.02895858162398845,0.9178428996561001,-0.3250691324759267,0.43515472166914176
Nguyên vật liệu,2025-06-01,0.04381954357837491,0.02440239174069914,0.028121838424348282,0.9088507250120026,-0.3038083262343788,0.44232387979939763
Nguyên vật liệu,2025-07-01,0.06296960862244802,0.024701117153586468,0.02781023991825233,0.9094422333685362,-0.3013839725314377,0.44095974264258747
Nguyên vật liệu,2025-08-01,0.014228509417693084,0.02528094278190257,0.02674846250823908,0.8742893496540617,-0.3259013411461065,0.42891600480191716
Nguyên vật liệu,2025-09-01,-0.00656179976757092,0.025115981089899424,0.027318980942606406,0.7449164393116109,-0.43413334679782,0.47011943830731523
Nguyên vật liệu,2025-10-01,-0.007042289243198981,0.024650131371407213,0.027386997481409926,0.7453120083384597,-0.43279736092590315,0.4703191114924902
Nguyên vật liệu,2025-11-01,-0.019128546671483986,0.024190820927717266,0.027493648617918316,0.7468236017402479,-0.4352647583599514,0.45521696270901774
Nguyên vật liệu,2025-12-01,-0.013833498500633321,0.02357197281915726,0.02712808141607285,0.7244772255005213,-0.4620515604066923,0.45793997084103566
Năng lượng,2024-01-01,-0.0035319741190620404,0.03146199272750806,0.03202160241734277,0.7445705006429877,-0.8932797361649638,0.2533813269915308
Năng lượng,2024-02-01,0.05501233844098383,0.030732951751537896,0.031083379925924352,0.7256606886686252,-0.9098084013026204,0.2576061724072964
Năng lượng,2024-03-01,0.00654231096737789,0.031228449439077606,0.03035225070914541,0.6931205541487447,-0.9257335334430635,0.2682599456803783
Năng lượng,2024-04-01,-0.054426353322647295,0.0307347266696436,0.029408455346784358,0.6922495883441828,-0.9218619457108435,0.2692175482229986
Năng lượng,2024-05-01,0.1976309756651021,0.02906490157175554,0.029549953934627345,0.6886553256968114,-0.924758686162808,0.26791002947820824
Năng lượng,2024-06-01,-0.050877832825986236,0.03230655684278143,0.030904900090573464,0.6331032762043864,-1.0249392787129739,0.25645054045355664
Năng lượng,2024-07-01,0.023041798236973887,0.03073704005657827,0.030439804682249074,0.6288294381047752,-1.0315064823317868,0.26290871924349474
Năng lượng,2024-08-01,0.005629254203192537,0.030594535578437457,0.030930863201191112,0.6455678116853335,-1.0072812315767938,0.2623301262100123
Năng lượng,2024-09-01,0.004119686207925394,0.030140621371614808,0.03008255856673216,0.6450529395535448,-1.000294880476691,0.2664800037962002
Năng lượng,2024-10-01,-0.0729073007288691,0.029675961815120368,0.03022191693094136,0.6487973583404261,-0.9949028105405575,0.26603394049437057
Năng lượng,2024-11-01,-0.06469938036179694,0.027876255454699503,0.02937370460003038,0.6465362185638726,-1.0053899566501647,0.2679739061118594
Năng lượng,2024-12-01,0.07887931219550572,0.026280123802690937,0.028002811570364283,0.6731472133103524,-0.9729626813675196,0.27453814935446413
Năng lượng,2025-01-01,-0.07459223935901316,0.027171635470365767,0.028838511060596213,0.6928151825875797,-0.9509736281234842,0.26766748969595366
Năng lượng,2025-02-01,0.027845444185165658,0.025475570889876103,0.02790297871393995,0.6704301401250405,-0.9879127995069517,0.2653441181214734
Năng lượng,2025-03-01,-0.09711561125911754,0.02551442127176609,0.027702895652675974,0.6650168859213146,-0.9960634532560753,0.26218396153925844
Năng lượng,2025-04-01,-0.16249341942557488,0.023536517521267973,0.026806328476141436,0.6448969277329482,-1.016864532889971,0.2816394312098742
Năng lượng,2025-05-01,0.07082050064144987,0.02058366137925461,0.024293852756639856,0.7121312505334967,-0.9763194635776525,0.26383457499008445
Năng lượng,2025-06-01,0.07248782378859982,0.021368611992726404,0.02329820280539643,0.7014313628620845,-0.9510209960109055,0.27236523522839334
Năng lượng,2025-07-01,0.09052404168668707,0.02215506140497061,0.023417725926651093,0.7012044717710207,-0.9519509308980496,0.2728884916869831
Năng lượng,2025-08-01,0.15043546370549898,0.023190955045602705,0.022739391943418896,0.6787464731290642,-0.9676142555778918,0.2651941514369256
Năng lượng,2025-09-01,-0.009941385206015958,0.025090126816645908,0.02246487771415563,0.7409963543438257,-0.9155366647003254,0.24536844886470977
Năng lượng,2025-10-01,-0.0028250903326900952,0.024574957522195007,0.02265929238578289,0.742127026733416,-0.9117179573806585,0.24593918353323851
Năng lượng,2025-11-01,0.010697948010052721,0.024177855379370578,0.022763971277811858,0.7436106670177841,-0.9141397265061191,0.23111631100073476
Năng lượng,2025-12-01,-0.013579890942077635,0.023985285274094614,0.02268427916914745,0.7387392512163623,-0.9199791364113399,0.23170991529251883
Tài chính,2024-01-01,0.03148087673512126,0.036597068688616716,0.03396713164715306,1.1906464894274753,-0.3156875078622153,0.2281011030401574
Tài chính,2024-02-01,0.05688708092813548,0.03649048135625225,0.03340835604214397,1.1793844042363517,-0.3255314574016509,0.2306172871807608
Tài chính,2024-03-01,0.06426051740479516,0.03690673849037232,0.032498644828011,1.1388961778014317,-0.34534638335760665,0.2438732982892365
Tài chính,2024-04-01,-0.0943651873552602,0.03745381406866076,0.03258509656973858,1.1389759583489858,-0.3457010211488607,0.24378558180853072
Tài chính,2024-05-01,0.08556124541985126,0.03486912776623094,0.031995703388493724,1.1539473720447535,-0.33363504157795876,0.249231873847746
Tài chính,2024-06-01,-0.04127746721390452,0.03584397618264671,0.03164333909645251,1.168394114821162,-0.3075822988801802,0.2522120031463211
Tài chính,2024-07-01,-0.04881532081245385,0.034388854609126884,0.031165339984317912,1.1640017024677887,-0.3143317043630447,0.25884935899276673
Tài chính,2024-08-01,0.03966632508559069,0.032848036545764264,0.03019746805557249,1.1310105185323582,-0.36207945594078456,0.2599897606631868
Tài chính,2024-09-01,0.007135463114298263,0.03297200542830656,0.029905955255100865,1.130833587025768,-0.359678654752697,0.2614158314255322
Tài chính,2024-10-01,-0.03814427913923219,0.03251063860127071,0.029837492818238463,1.1289940703506267,-0.3623276112732099,0.26163496847418566
Tài chính,2024-11-01,-0.014356430400125363,0.031271078640911026,0.029437364630764247,1.127927420259079,-0.36727472488108204,0.2625501107068566
Tài chính,2024-12-01,0.04207153243391655,0.03048439745054832,0.029078958512137133,1.1348845957158793,-0.3587969416987315,0.26426626571778306
Tài chính,2025-01-01,-0.015225658247491948,0.03068078956891049,0.02927055591269672,1.1393937905064089,-0.3537556014902387,0.2626910577081011
Tài chính,2025-02-01,0.09065124365440846,0.02991568210530378,0.028957517505927316,1.1319035331647114,-0.36611581479402344,0.2619136345237415
Tài chính,2025-03-01,0.0035849103864083673,0.03091134704873171,0.02951280846329712,1.1469269493913734,-0.34349528762421405,0.27068402399545144
Tài chính,2025-04-01,-0.09842957830386921,0.030470598070307147,0.029477845785968418,1.14614234827679,-0.34430644985986436,0.27144271260928327
Tài chính,2025-05-01,0.04381481219847252,0.028424563524685316,0.02864092082114237,1.1685386177444672,-0.33080057577531297,0.26551177821265726
Tài chính,2025-06-01,0.0314549051448877,0.02866503616021323,0.027299530153997248,1.1541231804273553,-0.29671718306813866,0.27700472110283986
Tài chính,2025-07-01,0.24671794882299894,0.02870795722151593,0.02666454349268113,1.1553285774658784,-0.2917767477529393,0.2742248332605232
Tài chính,2025-08-01,0.19195766207051956,0.032011138912447515,0.028075327781412397,1.202036235380127,-0.2592005052030281,0.2902273550348407
Tài chính,2025-09-01,-0.07572364791793483,0.03439840045212021,0.027877457719865262,1.2469059962676527,-0.2216629387904412,0.27593697380867394
Tài chính,2025-10-01,-0.09601786600363595,0.032778958564325285,0.026845516850804642,1.240904458222345,-0.24193239745404488,0.27290755002643263
Tài chính,2025-11-01,-0.03694331734995891,0.030912337918412795,0.02659719913254923,1.2373849887000217,-0.23618751258069748,0.3080701488457264
Tài chính,2025-12-01,-0.01470227775454809,0.029942971414578926,0.025916088636661592,1.1957500955118583,-0.2860956332578156,0.31314355097190744
